Rank,Name,Nationality,Time,Notes
,Alberto Garcia,Spain,7:43.89,CR
,Antonio David Jimenez,Spain,7:46.49,PB
,Jesus Espana,Spain,7:48.08,PB
,John Mayock,Great Britain,7:48.08,
5.0,Michael Buchleitner,Austria,7:54.39,SB
6.0,Mohammed Mourhit,Belgium,7:59.79,
7.0,Sergey Ivanov,Russia,8:02.98,
8.0,Mindaugas Puk≈°tas,Lithuania,8:03.21,PB
9.0,Irba Lakhal,France,8:03.38,
10.0,Joakim Johansson,Denmark,8:06.47,
11.0,Harald Steindorfer,Austria,8:09.21,
12.0,Ferdinando Vicari,Italy,8:17.46,
13.0,Martin Steinbauer,Austria,8:22.06,
14.0,Christos Papapetrou,Cyprus,8:30.59,
